2025-04-07 11:46:44.693683,New Delhi,2025-04-07,36.7,0
2025-04-07 11:46:44.707117,New Delhi,2025-04-08,36.3,0
2025-04-07 11:46:44.717209,New Delhi,2025-04-09,36.3,0
2025-04-07 11:46:44.727584,New Delhi,2025-04-10,33.7,0
2025-04-07 11:46:44.738156,New Delhi,2025-04-11,29.7,0
2025-04-07 11:46:44.745749,New Delhi,2025-04-12,34.3,0
2025-04-07 11:46:44.752749,New Delhi,2025-04-13,34.9,0
2025-04-07 11:46:45.349923,Dwarka,2025-04-07,37.0,0
2025-04-07 11:46:45.361743,Dwarka,2025-04-08,36.6,0
2025-04-07 11:46:45.370753,Dwarka,2025-04-09,36.7,0
2025-04-07 11:46:45.379765,Dwarka,2025-04-10,34.3,0
2025-04-07 11:46:45.389680,Dwarka,2025-04-11,30.2,0
2025-04-07 11:46:45.398354,Dwarka,2025-04-12,34.6,0
2025-04-07 11:46:45.407113,Dwarka,2025-04-13,35.2,0
2025-04-07 11:46:46.034011,Noida,2025-04-07,37.2,0
2025-04-07 11:46:46.047846,Noida,2025-04-08,36.9,0
2025-04-07 11:46:46.058353,Noida,2025-04-09,36.9,0
2025-04-07 11:46:46.067894,Noida,2025-04-10,34.4,0
2025-04-07 11:46:46.077213,Noida,2025-04-11,31.3,0
2025-04-07 11:46:46.085818,Noida,2025-04-12,35.1,0
2025-04-07 11:46:46.094765,Noida,2025-04-13,35.5,0
2025-04-07 11:46:46.729674,Rohini,2025-04-07,36.6,0
2025-04-07 11:46:46.742527,Rohini,2025-04-08,36.1,0
2025-04-07 11:46:46.753239,Rohini,2025-04-09,36.2,0
2025-04-07 11:46:46.763561,Rohini,2025-04-10,33.7,0
2025-04-07 11:46:46.772451,Rohini,2025-04-11,29.7,0
2025-04-07 11:46:46.779884,Rohini,2025-04-12,34.3,0
2025-04-07 11:46:46.786826,Rohini,2025-04-13,35.1,0
2025-04-07 12:06:47,New Delhi,2025-04-07,36.7,0
2025-04-07 12:06:47,New Delhi,2025-04-08,36.3,0
2025-04-07 12:06:47,New Delhi,2025-04-09,36.3,0
2025-04-07 12:06:47,New Delhi,2025-04-10,33.7,0
2025-04-07 12:06:47,New Delhi,2025-04-11,29.7,0
2025-04-07 12:06:47,New Delhi,2025-04-12,34.3,0
2025-04-07 12:06:47,New Delhi,2025-04-13,34.9,0
2025-04-07 12:06:47,Dwarka,2025-04-07,37.0,0
2025-04-07 12:06:47,Dwarka,2025-04-08,36.6,0
2025-04-07 12:06:47,Dwarka,2025-04-09,36.7,0
2025-04-07 12:06:47,Dwarka,2025-04-10,34.3,0
2025-04-07 12:06:47,Dwarka,2025-04-11,30.2,0
2025-04-07 12:06:47,Dwarka,2025-04-12,34.6,0
2025-04-07 12:06:47,Dwarka,2025-04-13,35.2,0
2025-04-07 12:06:49,Noida,2025-04-07,37.2,0
2025-04-07 12:06:49,Noida,2025-04-08,36.9,0
2025-04-07 12:06:49,Noida,2025-04-09,36.9,0
2025-04-07 12:06:49,Noida,2025-04-10,34.4,0
2025-04-07 12:06:49,Noida,2025-04-11,31.3,0
2025-04-07 12:06:49,Noida,2025-04-12,35.1,0
2025-04-07 12:06:49,Noida,2025-04-13,35.5,0
2025-04-07 12:06:49,Rohini,2025-04-07,36.6,0
2025-04-07 12:06:49,Rohini,2025-04-08,36.1,0
2025-04-07 12:06:49,Rohini,2025-04-09,36.2,0
2025-04-07 12:06:49,Rohini,2025-04-10,33.7,0
2025-04-07 12:06:49,Rohini,2025-04-11,29.7,0
2025-04-07 12:06:49,Rohini,2025-04-12,34.3,0
2025-04-07 12:06:49,Rohini,2025-04-13,35.1,0
2025-04-07 12:06:50,Saket,2025-04-07,37.0,0
2025-04-07 12:06:50,Saket,2025-04-08,36.7,0
2025-04-07 12:06:50,Saket,2025-04-09,36.7,0
2025-04-07 12:06:50,Saket,2025-04-10,34.2,0
2025-04-07 12:06:50,Saket,2025-04-11,31.1,0
2025-04-07 12:06:50,Saket,2025-04-12,34.9,0
2025-04-07 12:06:50,Saket,2025-04-13,35.3,0
2025-04-07 12:06:51,Pitampura,2025-04-07,36.6,0
2025-04-07 12:06:51,Pitampura,2025-04-08,36.1,0
2025-04-07 12:06:51,Pitampura,2025-04-09,36.2,0
2025-04-07 12:06:51,Pitampura,2025-04-10,33.7,0
2025-04-07 12:06:51,Pitampura,2025-04-11,29.7,0
2025-04-07 12:06:51,Pitampura,2025-04-12,34.3,0
2025-04-07 12:06:51,Pitampura,2025-04-13,35.1,0
2025-04-07 12:06:52,Preet Vihar,2025-04-07,36.7,0
2025-04-07 12:06:52,Preet Vihar,2025-04-08,36.3,0
2025-04-07 12:06:52,Preet Vihar,2025-04-09,36.3,0
2025-04-07 12:06:52,Preet Vihar,2025-04-10,33.7,0
2025-04-07 12:06:52,Preet Vihar,2025-04-11,29.7,0
2025-04-07 12:06:52,Preet Vihar,2025-04-12,34.3,0
2025-04-07 12:06:52,Preet Vihar,2025-04-13,34.9,0
2025-04-07 12:06:53,Karol Bagh,2025-04-07,36.6,0
2025-04-07 12:06:53,Karol Bagh,2025-04-08,36.2,0
2025-04-07 12:06:53,Karol Bagh,2025-04-09,36.2,0
2025-04-07 12:06:53,Karol Bagh,2025-04-10,33.6,0
2025-04-07 12:06:53,Karol Bagh,2025-04-11,29.6,0
2025-04-07 12:06:53,Karol Bagh,2025-04-12,34.2,0
2025-04-07 12:06:53,Karol Bagh,2025-04-13,34.8,0
2025-04-07 12:06:53,Moti Nagar,2025-04-07,37.0,0
2025-04-07 12:06:53,Moti Nagar,2025-04-08,36.6,0
2025-04-07 12:06:53,Moti Nagar,2025-04-09,36.6,0
2025-04-07 12:06:53,Moti Nagar,2025-04-10,34.1,0
2025-04-07 12:06:53,Moti Nagar,2025-04-11,30.2,0
2025-04-07 12:06:53,Moti Nagar,2025-04-12,34.7,0
2025-04-07 12:06:53,Moti Nagar,2025-04-13,35.0,0
2025-04-07 12:06:54,Janakpuri,2025-04-07,37.0,0
2025-04-07 12:06:54,Janakpuri,2025-04-08,36.6,0
2025-04-07 12:06:54,Janakpuri,2025-04-09,36.6,0
2025-04-07 12:06:54,Janakpuri,2025-04-10,34.1,0
2025-04-07 12:06:54,Janakpuri,2025-04-11,30.2,0
2025-04-07 12:06:54,Janakpuri,2025-04-12,34.7,0
2025-04-07 12:06:54,Janakpuri,2025-04-13,35.0,0
2025-04-07 12:06:55,Lajpat Nagar,2025-04-07,36.6,0
2025-04-07 12:06:55,Lajpat Nagar,2025-04-08,36.2,0
2025-04-07 12:06:55,Lajpat Nagar,2025-04-09,36.3,0
2025-04-07 12:06:55,Lajpat Nagar,2025-04-10,33.6,0
2025-04-07 12:06:55,Lajpat Nagar,2025-04-11,29.7,0
2025-04-07 12:06:55,Lajpat Nagar,2025-04-12,34.2,0
2025-04-07 12:06:55,Lajpat Nagar,2025-04-13,34.8,0
2025-04-07 12:06:56,Rajouri Garden,2025-04-07,37.0,0
2025-04-07 12:06:56,Rajouri Garden,2025-04-08,36.6,0
2025-04-07 12:06:56,Rajouri Garden,2025-04-09,36.6,0
2025-04-07 12:06:56,Rajouri Garden,2025-04-10,34.1,0
2025-04-07 12:06:56,Rajouri Garden,2025-04-11,30.2,0
2025-04-07 12:06:56,Rajouri Garden,2025-04-12,34.7,0
2025-04-07 12:06:56,Rajouri Garden,2025-04-13,35.0,0
2025-04-07 12:06:57,Greater Kailash,2025-04-07,36.9,0
2025-04-07 12:06:57,Greater Kailash,2025-04-08,36.7,0
2025-04-07 12:06:57,Greater Kailash,2025-04-09,36.7,0
2025-04-07 12:06:57,Greater Kailash,2025-04-10,34.2,0
2025-04-07 12:06:57,Greater Kailash,2025-04-11,31.0,0
2025-04-07 12:06:57,Greater Kailash,2025-04-12,34.8,0
2025-04-07 12:06:57,Greater Kailash,2025-04-13,35.2,0
2025-04-07 12:06:58,Okhla,2025-04-07,36.8,0
2025-04-07 12:06:58,Okhla,2025-04-08,36.6,0
2025-04-07 12:06:58,Okhla,2025-04-09,36.6,0
2025-04-07 12:06:58,Okhla,2025-04-10,34.1,0
2025-04-07 12:06:58,Okhla,2025-04-11,30.9,0
2025-04-07 12:06:58,Okhla,2025-04-12,34.7,0
2025-04-07 12:06:58,Okhla,2025-04-13,35.1,0
2025-04-07 12:06:59,Connaught Place,2025-04-07,36.6,0
2025-04-07 12:06:59,Connaught Place,2025-04-08,36.2,0
2025-04-07 12:06:59,Connaught Place,2025-04-09,36.3,0
2025-04-07 12:06:59,Connaught Place,2025-04-10,33.6,0
2025-04-07 12:06:59,Connaught Place,2025-04-11,29.7,0
2025-04-07 12:06:59,Connaught Place,2025-04-12,34.2,0
2025-04-07 12:06:59,Connaught Place,2025-04-13,34.8,0
2025-04-07 12:06:59,Gurugram,2025-04-07,36.9,0
2025-04-07 12:06:59,Gurugram,2025-04-08,36.5,0
2025-04-07 12:06:59,Gurugram,2025-04-09,36.6,0
2025-04-07 12:06:59,Gurugram,2025-04-10,34.2,0
2025-04-07 12:06:59,Gurugram,2025-04-11,30.1,0
2025-04-07 12:06:59,Gurugram,2025-04-12,34.5,0
2025-04-07 12:06:59,Gurugram,2025-04-13,35.1,0
2025-04-07 12:07:00,Faridabad,2025-04-07,36.9,0
2025-04-07 12:07:00,Faridabad,2025-04-08,36.8,0
2025-04-07 12:07:00,Faridabad,2025-04-09,37.0,0
2025-04-07 12:07:00,Faridabad,2025-04-10,34.2,0
2025-04-07 12:07:00,Faridabad,2025-04-11,31.6,0
2025-04-07 12:07:00,Faridabad,2025-04-12,34.9,0
2025-04-07 12:07:00,Faridabad,2025-04-13,35.9,0
2025-04-07 13:26:50,New Delhi,2025-04-07,36.7,0
2025-04-07 13:26:50,New Delhi,2025-04-08,36.3,0
2025-04-07 13:26:50,New Delhi,2025-04-09,36.3,0
2025-04-07 13:26:50,New Delhi,2025-04-10,33.7,0
2025-04-07 13:26:50,New Delhi,2025-04-11,29.7,0
2025-04-07 13:26:50,New Delhi,2025-04-12,34.3,0
2025-04-07 13:26:50,New Delhi,2025-04-13,34.9,0
2025-04-07 13:26:51,Dwarka,2025-04-07,37.0,0
2025-04-07 13:26:51,Dwarka,2025-04-08,36.6,0
2025-04-07 13:26:51,Dwarka,2025-04-09,36.7,0
2025-04-07 13:26:51,Dwarka,2025-04-10,34.3,0
2025-04-07 13:26:51,Dwarka,2025-04-11,30.2,0
2025-04-07 13:26:51,Dwarka,2025-04-12,34.6,0
2025-04-07 13:26:51,Dwarka,2025-04-13,35.2,0
2025-04-07 13:26:51,Noida,2025-04-07,37.2,0
2025-04-07 13:26:51,Noida,2025-04-08,36.9,0
2025-04-07 13:26:51,Noida,2025-04-09,36.9,0
2025-04-07 13:26:51,Noida,2025-04-10,34.4,0
2025-04-07 13:26:51,Noida,2025-04-11,31.3,0
2025-04-07 13:26:51,Noida,2025-04-12,35.1,0
2025-04-07 13:26:51,Noida,2025-04-13,35.5,0
2025-04-07 13:26:52,Rohini,2025-04-07,36.6,0
2025-04-07 13:26:52,Rohini,2025-04-08,36.1,0
2025-04-07 13:26:52,Rohini,2025-04-09,36.2,0
2025-04-07 13:26:52,Rohini,2025-04-10,33.7,0
2025-04-07 13:26:52,Rohini,2025-04-11,29.7,0
2025-04-07 13:26:52,Rohini,2025-04-12,34.3,0
2025-04-07 13:26:52,Rohini,2025-04-13,35.1,0
2025-04-07 13:26:53,Saket,2025-04-07,37.0,0
2025-04-07 13:26:53,Saket,2025-04-08,36.7,0
2025-04-07 13:26:53,Saket,2025-04-09,36.7,0
2025-04-07 13:26:53,Saket,2025-04-10,34.2,0
2025-04-07 13:26:53,Saket,2025-04-11,31.1,0
2025-04-07 13:26:53,Saket,2025-04-12,34.9,0
2025-04-07 13:26:53,Saket,2025-04-13,35.3,0
2025-04-07 13:26:53,Pitampura,2025-04-07,36.6,0
2025-04-07 13:26:53,Pitampura,2025-04-08,36.1,0
2025-04-07 13:26:53,Pitampura,2025-04-09,36.2,0
2025-04-07 13:26:53,Pitampura,2025-04-10,33.7,0
2025-04-07 13:26:53,Pitampura,2025-04-11,29.7,0
2025-04-07 13:26:53,Pitampura,2025-04-12,34.3,0
2025-04-07 13:26:53,Pitampura,2025-04-13,35.1,0
2025-04-07 13:26:54,Preet Vihar,2025-04-07,36.7,0
2025-04-07 13:26:54,Preet Vihar,2025-04-08,36.3,0
2025-04-07 13:26:54,Preet Vihar,2025-04-09,36.3,0
2025-04-07 13:26:54,Preet Vihar,2025-04-10,33.7,0
2025-04-07 13:26:54,Preet Vihar,2025-04-11,29.7,0
2025-04-07 13:26:54,Preet Vihar,2025-04-12,34.3,0
2025-04-07 13:26:54,Preet Vihar,2025-04-13,34.9,0
2025-04-07 13:26:54,Karol Bagh,2025-04-07,36.6,0
2025-04-07 13:26:54,Karol Bagh,2025-04-08,36.2,0
2025-04-07 13:26:54,Karol Bagh,2025-04-09,36.2,0
2025-04-07 13:26:54,Karol Bagh,2025-04-10,33.6,0
2025-04-07 13:26:54,Karol Bagh,2025-04-11,29.6,0
2025-04-07 13:26:54,Karol Bagh,2025-04-12,34.2,0
2025-04-07 13:26:54,Karol Bagh,2025-04-13,34.8,0
2025-04-07 13:26:55,Moti Nagar,2025-04-07,37.0,0
2025-04-07 13:26:55,Moti Nagar,2025-04-08,36.6,0
2025-04-07 13:26:55,Moti Nagar,2025-04-09,36.6,0
2025-04-07 13:26:55,Moti Nagar,2025-04-10,34.1,0
2025-04-07 13:26:55,Moti Nagar,2025-04-11,30.2,0
2025-04-07 13:26:55,Moti Nagar,2025-04-12,34.7,0
2025-04-07 13:26:55,Moti Nagar,2025-04-13,35.0,0
2025-04-07 13:26:56,Janakpuri,2025-04-07,37.0,0
2025-04-07 13:26:56,Janakpuri,2025-04-08,36.6,0
2025-04-07 13:26:56,Janakpuri,2025-04-09,36.6,0
2025-04-07 13:26:56,Janakpuri,2025-04-10,34.1,0
2025-04-07 13:26:56,Janakpuri,2025-04-11,30.2,0
2025-04-07 13:26:56,Janakpuri,2025-04-12,34.7,0
2025-04-07 13:26:56,Janakpuri,2025-04-13,35.0,0
2025-04-07 13:26:56,Lajpat Nagar,2025-04-07,36.6,0
2025-04-07 13:26:56,Lajpat Nagar,2025-04-08,36.2,0
2025-04-07 13:26:56,Lajpat Nagar,2025-04-09,36.3,0
2025-04-07 13:26:56,Lajpat Nagar,2025-04-10,33.6,0
2025-04-07 13:26:56,Lajpat Nagar,2025-04-11,29.7,0
2025-04-07 13:26:56,Lajpat Nagar,2025-04-12,34.2,0
2025-04-07 13:26:56,Lajpat Nagar,2025-04-13,34.8,0
2025-04-07 13:26:57,Rajouri Garden,2025-04-07,37.0,0
2025-04-07 13:26:57,Rajouri Garden,2025-04-08,36.6,0
2025-04-07 13:26:57,Rajouri Garden,2025-04-09,36.6,0
2025-04-07 13:26:57,Rajouri Garden,2025-04-10,34.1,0
2025-04-07 13:26:57,Rajouri Garden,2025-04-11,30.2,0
2025-04-07 13:26:57,Rajouri Garden,2025-04-12,34.7,0
2025-04-07 13:26:57,Rajouri Garden,2025-04-13,35.0,0
2025-04-07 13:26:57,Greater Kailash,2025-04-07,36.9,0
2025-04-07 13:26:57,Greater Kailash,2025-04-08,36.7,0
2025-04-07 13:26:57,Greater Kailash,2025-04-09,36.7,0
2025-04-07 13:26:57,Greater Kailash,2025-04-10,34.2,0
2025-04-07 13:26:57,Greater Kailash,2025-04-11,31.0,0
2025-04-07 13:26:57,Greater Kailash,2025-04-12,34.8,0
2025-04-07 13:26:57,Greater Kailash,2025-04-13,35.2,0
2025-04-07 13:26:58,Okhla,2025-04-07,36.8,0
2025-04-07 13:26:58,Okhla,2025-04-08,36.6,0
2025-04-07 13:26:58,Okhla,2025-04-09,36.6,0
2025-04-07 13:26:58,Okhla,2025-04-10,34.1,0
2025-04-07 13:26:58,Okhla,2025-04-11,30.9,0
2025-04-07 13:26:58,Okhla,2025-04-12,34.7,0
2025-04-07 13:26:58,Okhla,2025-04-13,35.1,0
2025-04-07 13:26:58,Connaught Place,2025-04-07,36.6,0
2025-04-07 13:26:58,Connaught Place,2025-04-08,36.2,0
2025-04-07 13:26:58,Connaught Place,2025-04-09,36.3,0
2025-04-07 13:26:58,Connaught Place,2025-04-10,33.6,0
2025-04-07 13:26:58,Connaught Place,2025-04-11,29.7,0
2025-04-07 13:26:58,Connaught Place,2025-04-12,34.2,0
2025-04-07 13:26:58,Connaught Place,2025-04-13,34.8,0
2025-04-07 13:26:59,Gurugram,2025-04-07,36.9,0
2025-04-07 13:26:59,Gurugram,2025-04-08,36.5,0
2025-04-07 13:26:59,Gurugram,2025-04-09,36.6,0
2025-04-07 13:26:59,Gurugram,2025-04-10,34.2,0
2025-04-07 13:26:59,Gurugram,2025-04-11,30.1,0
2025-04-07 13:26:59,Gurugram,2025-04-12,34.5,0
2025-04-07 13:26:59,Gurugram,2025-04-13,35.1,0
2025-04-07 13:27:00,Faridabad,2025-04-07,36.9,0
2025-04-07 13:27:00,Faridabad,2025-04-08,36.8,0
2025-04-07 13:27:00,Faridabad,2025-04-09,37.0,0
2025-04-07 13:27:00,Faridabad,2025-04-10,34.2,0
2025-04-07 13:27:00,Faridabad,2025-04-11,31.6,0
2025-04-07 13:27:00,Faridabad,2025-04-12,34.9,0
2025-04-07 13:27:00,Faridabad,2025-04-13,35.9,0
2025-04-07 13:27:00,Vasant Kunj,2025-04-07,37.0,0
2025-04-07 13:27:00,Vasant Kunj,2025-04-08,36.7,0
2025-04-07 13:27:00,Vasant Kunj,2025-04-09,36.7,0
2025-04-07 13:27:00,Vasant Kunj,2025-04-10,34.4,0
2025-04-07 13:27:00,Vasant Kunj,2025-04-11,30.4,0
2025-04-07 13:27:00,Vasant Kunj,2025-04-12,34.8,0
2025-04-07 13:27:00,Vasant Kunj,2025-04-13,35.1,0
2025-04-07 13:27:01,Shahdara,2025-04-07,36.7,0
2025-04-07 13:27:01,Shahdara,2025-04-08,36.3,0
2025-04-07 13:27:01,Shahdara,2025-04-09,36.3,0
2025-04-07 13:27:01,Shahdara,2025-04-10,33.7,0
2025-04-07 13:27:01,Shahdara,2025-04-11,29.8,0
2025-04-07 13:27:01,Shahdara,2025-04-12,34.3,0
2025-04-07 13:27:01,Shahdara,2025-04-13,34.9,0
2025-04-07 13:27:01,North Delhi,2025-04-07,36.6,0
2025-04-07 13:27:01,North Delhi,2025-04-08,36.4,0
2025-04-07 13:27:01,North Delhi,2025-04-09,36.4,0
2025-04-07 13:27:01,North Delhi,2025-04-10,33.7,0
2025-04-07 13:27:01,North Delhi,2025-04-11,30.1,0
2025-04-07 13:27:01,North Delhi,2025-04-12,34.4,0
2025-04-07 13:27:01,North Delhi,2025-04-13,35.0,0
2025-04-07 13:27:02,South Delhi,2025-04-07,37.0,0
2025-04-07 13:27:02,South Delhi,2025-04-08,36.7,0
2025-04-07 13:27:02,South Delhi,2025-04-09,36.7,0
2025-04-07 13:27:02,South Delhi,2025-04-10,34.2,0
2025-04-07 13:27:02,South Delhi,2025-04-11,31.1,0
2025-04-07 13:27:02,South Delhi,2025-04-12,34.9,0
2025-04-07 13:27:02,South Delhi,2025-04-13,35.3,0
2025-04-07 13:27:03,East Delhi,2025-04-07,36.7,0
2025-04-07 13:27:03,East Delhi,2025-04-08,36.3,0
2025-04-07 13:27:03,East Delhi,2025-04-09,36.3,0
2025-04-07 13:27:03,East Delhi,2025-04-10,33.7,0
2025-04-07 13:27:03,East Delhi,2025-04-11,29.7,0
2025-04-07 13:27:03,East Delhi,2025-04-12,34.3,0
2025-04-07 13:27:03,East Delhi,2025-04-13,34.9,0
2025-04-07 13:27:03,West Delhi,2025-04-07,37.0,0
2025-04-07 13:27:03,West Delhi,2025-04-08,36.6,0
2025-04-07 13:27:03,West Delhi,2025-04-09,36.7,0
2025-04-07 13:27:03,West Delhi,2025-04-10,34.2,0
2025-04-07 13:27:03,West Delhi,2025-04-11,30.3,0
2025-04-07 13:27:03,West Delhi,2025-04-12,34.7,0
2025-04-07 13:27:03,West Delhi,2025-04-13,35.0,0
2025-04-07 13:27:04,Central Delhi,2025-04-07,36.6,0
2025-04-07 13:27:04,Central Delhi,2025-04-08,36.2,0
2025-04-07 13:27:04,Central Delhi,2025-04-09,36.3,0
2025-04-07 13:27:04,Central Delhi,2025-04-10,33.6,0
2025-04-07 13:27:04,Central Delhi,2025-04-11,29.7,0
2025-04-07 13:27:04,Central Delhi,2025-04-12,34.2,0
2025-04-07 13:27:04,Central Delhi,2025-04-13,34.8,0
2025-04-07 13:27:04,North West Delhi,2025-04-07,36.7,0
2025-04-07 13:27:04,North West Delhi,2025-04-08,36.1,0
2025-04-07 13:27:04,North West Delhi,2025-04-09,36.3,0
2025-04-07 13:27:04,North West Delhi,2025-04-10,33.8,0
2025-04-07 13:27:04,North West Delhi,2025-04-11,29.7,0
2025-04-07 13:27:04,North West Delhi,2025-04-12,34.4,0
2025-04-07 13:27:04,North West Delhi,2025-04-13,35.1,0
2025-04-07 13:27:05,South West Delhi,2025-04-07,37.1,0
2025-04-07 13:27:05,South West Delhi,2025-04-08,36.8,0
2025-04-07 13:27:05,South West Delhi,2025-04-09,36.8,0
2025-04-07 13:27:05,South West Delhi,2025-04-10,34.4,0
2025-04-07 13:27:05,South West Delhi,2025-04-11,30.4,0
2025-04-07 13:27:05,South West Delhi,2025-04-12,34.9,0
2025-04-07 13:27:05,South West Delhi,2025-04-13,35.1,0
2025-04-07 13:27:05,Vikaspuri,2025-04-07,37.0,0
2025-04-07 13:27:05,Vikaspuri,2025-04-08,36.6,0
2025-04-07 13:27:05,Vikaspuri,2025-04-09,36.7,0
2025-04-07 13:27:05,Vikaspuri,2025-04-10,34.2,0
2025-04-07 13:27:05,Vikaspuri,2025-04-11,30.3,0
2025-04-07 13:27:05,Vikaspuri,2025-04-12,34.7,0
2025-04-07 13:27:05,Vikaspuri,2025-04-13,35.0,0
2025-04-07 13:27:06,Chandni Chowk,2025-04-07,36.6,0
2025-04-07 13:27:06,Chandni Chowk,2025-04-08,36.2,0
2025-04-07 13:27:06,Chandni Chowk,2025-04-09,36.2,0
2025-04-07 13:27:06,Chandni Chowk,2025-04-10,33.6,0
2025-04-07 13:27:06,Chandni Chowk,2025-04-11,29.6,0
2025-04-07 13:27:06,Chandni Chowk,2025-04-12,34.2,0
2025-04-07 13:27:06,Chandni Chowk,2025-04-13,34.8,0
2025-04-07 13:27:07,Azadpur,2025-04-07,36.6,0
2025-04-07 13:27:07,Azadpur,2025-04-08,36.1,0
2025-04-07 13:27:07,Azadpur,2025-04-09,36.2,0
2025-04-07 13:27:07,Azadpur,2025-04-10,33.7,0
2025-04-07 13:27:07,Azadpur,2025-04-11,29.7,0
2025-04-07 13:27:07,Azadpur,2025-04-12,34.3,0
2025-04-07 13:27:07,Azadpur,2025-04-13,35.1,0
2025-04-07 13:27:07,Badarpur,2025-04-07,36.9,0
2025-04-07 13:27:07,Badarpur,2025-04-08,36.7,0
2025-04-07 13:27:07,Badarpur,2025-04-09,36.7,0
2025-04-07 13:27:07,Badarpur,2025-04-10,34.2,0
2025-04-07 13:27:07,Badarpur,2025-04-11,31.0,0
2025-04-07 13:27:07,Badarpur,2025-04-12,34.8,0
2025-04-07 13:27:07,Badarpur,2025-04-13,35.2,0
2025-04-07 13:27:08,Hauz Khas,2025-04-07,37.0,0
2025-04-07 13:27:08,Hauz Khas,2025-04-08,36.7,0
2025-04-07 13:27:08,Hauz Khas,2025-04-09,36.7,0
2025-04-07 13:27:08,Hauz Khas,2025-04-10,34.2,0
2025-04-07 13:27:08,Hauz Khas,2025-04-11,31.1,0
2025-04-07 13:27:08,Hauz Khas,2025-04-12,34.9,0
2025-04-07 13:27:08,Hauz Khas,2025-04-13,35.3,0
2025-04-07 13:27:08,Vikas Nagar,2025-04-07,37.0,0
2025-04-07 13:27:08,Vikas Nagar,2025-04-08,36.6,0
2025-04-07 13:27:08,Vikas Nagar,2025-04-09,36.6,0
2025-04-07 13:27:08,Vikas Nagar,2025-04-10,34.1,0
2025-04-07 13:27:08,Vikas Nagar,2025-04-11,30.2,0
2025-04-07 13:27:08,Vikas Nagar,2025-04-12,34.7,0
2025-04-07 13:27:08,Vikas Nagar,2025-04-13,35.0,0
2025-04-07 13:27:09,Kalkaji,2025-04-07,36.9,0
2025-04-07 13:27:09,Kalkaji,2025-04-08,36.7,0
2025-04-07 13:27:09,Kalkaji,2025-04-09,36.7,0
2025-04-07 13:27:09,Kalkaji,2025-04-10,34.2,0
2025-04-07 13:27:09,Kalkaji,2025-04-11,31.0,0
2025-04-07 13:27:09,Kalkaji,2025-04-12,34.8,0
2025-04-07 13:27:09,Kalkaji,2025-04-13,35.2,0
2025-04-07 13:27:10,Mangar Bani,2025-04-07,36.6,0
2025-04-07 13:27:10,Mangar Bani,2025-04-08,36.2,0
2025-04-07 13:27:10,Mangar Bani,2025-04-09,36.3,0
2025-04-07 13:27:10,Mangar Bani,2025-04-10,33.6,0
2025-04-07 13:27:10,Mangar Bani,2025-04-11,29.7,0
2025-04-07 13:27:10,Mangar Bani,2025-04-12,34.2,0
2025-04-07 13:27:10,Mangar Bani,2025-04-13,34.8,0
2025-04-07 13:27:10,Alaknanda,2025-04-07,36.9,0
2025-04-07 13:27:10,Alaknanda,2025-04-08,36.7,0
2025-04-07 13:27:10,Alaknanda,2025-04-09,36.7,0
2025-04-07 13:27:10,Alaknanda,2025-04-10,34.2,0
2025-04-07 13:27:10,Alaknanda,2025-04-11,31.0,0
2025-04-07 13:27:10,Alaknanda,2025-04-12,34.8,0
2025-04-07 13:27:10,Alaknanda,2025-04-13,35.2,0
2025-04-07 13:27:11,Shivaji Park,2025-04-07,37.0,0
2025-04-07 13:27:11,Shivaji Park,2025-04-08,36.6,0
2025-04-07 13:27:11,Shivaji Park,2025-04-09,36.7,0
2025-04-07 13:27:11,Shivaji Park,2025-04-10,34.2,0
2025-04-07 13:27:11,Shivaji Park,2025-04-11,30.2,0
2025-04-07 13:27:11,Shivaji Park,2025-04-12,34.7,0
2025-04-07 13:27:11,Shivaji Park,2025-04-13,35.0,0
2025-04-07 13:27:11,Chattarpur,2025-04-07,36.9,0
2025-04-07 13:27:11,Chattarpur,2025-04-08,36.6,0
2025-04-07 13:27:11,Chattarpur,2025-04-09,36.6,0
2025-04-07 13:27:11,Chattarpur,2025-04-10,34.3,0
2025-04-07 13:27:11,Chattarpur,2025-04-11,30.3,0
2025-04-07 13:27:11,Chattarpur,2025-04-12,34.7,0
2025-04-07 13:27:11,Chattarpur,2025-04-13,35.0,0
2025-04-07 13:27:12,Dwarka Mor,2025-04-07,37.0,0
2025-04-07 13:27:12,Dwarka Mor,2025-04-08,36.7,0
2025-04-07 13:27:12,Dwarka Mor,2025-04-09,36.8,0
2025-04-07 13:27:12,Dwarka Mor,2025-04-10,34.3,0
2025-04-07 13:27:12,Dwarka Mor,2025-04-11,30.2,0
2025-04-07 13:27:12,Dwarka Mor,2025-04-12,34.6,0
2025-04-07 13:27:12,Dwarka Mor,2025-04-13,35.2,0
2025-04-07 13:27:13,Sarita Vihar,2025-04-07,36.9,0
2025-04-07 13:27:13,Sarita Vihar,2025-04-08,36.7,0
2025-04-07 13:27:13,Sarita Vihar,2025-04-09,36.7,0
2025-04-07 13:27:13,Sarita Vihar,2025-04-10,34.2,0
2025-04-07 13:27:13,Sarita Vihar,2025-04-11,31.0,0
2025-04-07 13:27:13,Sarita Vihar,2025-04-12,34.8,0
2025-04-07 13:27:13,Sarita Vihar,2025-04-13,35.2,0
2025-04-07 13:27:13,Nehru Place,2025-04-07,37.0,0
2025-04-07 13:27:13,Nehru Place,2025-04-08,36.7,0
2025-04-07 13:27:13,Nehru Place,2025-04-09,36.7,0
2025-04-07 13:27:13,Nehru Place,2025-04-10,34.2,0
2025-04-07 13:27:13,Nehru Place,2025-04-11,31.1,0
2025-04-07 13:27:13,Nehru Place,2025-04-12,34.9,0
2025-04-07 13:27:13,Nehru Place,2025-04-13,35.3,0
2025-04-07 13:27:14,Bawana,2025-04-07,36.6,0
2025-04-07 13:27:14,Bawana,2025-04-08,36.1,0
2025-04-07 13:27:14,Bawana,2025-04-09,36.2,0
2025-04-07 13:27:14,Bawana,2025-04-10,33.7,0
2025-04-07 13:27:14,Bawana,2025-04-11,29.7,0
2025-04-07 13:27:14,Bawana,2025-04-12,34.3,0
2025-04-07 13:27:14,Bawana,2025-04-13,35.1,0
2025-04-07 13:34:02,New Delhi,2025-04-07,36.7,0
2025-04-07 13:34:02,New Delhi,2025-04-08,36.3,0
2025-04-07 13:34:02,New Delhi,2025-04-09,36.3,0
2025-04-07 13:34:02,New Delhi,2025-04-10,33.7,0
2025-04-07 13:34:02,New Delhi,2025-04-11,29.7,0
2025-04-07 13:34:02,New Delhi,2025-04-12,34.3,0
2025-04-07 13:34:02,New Delhi,2025-04-13,34.9,0
2025-04-07 13:34:03,North Delhi,2025-04-07,36.6,0
2025-04-07 13:34:03,North Delhi,2025-04-08,36.4,0
2025-04-07 13:34:03,North Delhi,2025-04-09,36.4,0
2025-04-07 13:34:03,North Delhi,2025-04-10,33.7,0
2025-04-07 13:34:03,North Delhi,2025-04-11,30.1,0
2025-04-07 13:34:03,North Delhi,2025-04-12,34.4,0
2025-04-07 13:34:03,North Delhi,2025-04-13,35.0,0
2025-04-07 13:34:04,South Delhi,2025-04-07,37.0,0
2025-04-07 13:34:04,South Delhi,2025-04-08,36.7,0
2025-04-07 13:34:04,South Delhi,2025-04-09,36.7,0
2025-04-07 13:34:04,South Delhi,2025-04-10,34.2,0
2025-04-07 13:34:04,South Delhi,2025-04-11,31.1,0
2025-04-07 13:34:04,South Delhi,2025-04-12,34.9,0
2025-04-07 13:34:04,South Delhi,2025-04-13,35.3,0
2025-04-07 13:34:04,East Delhi,2025-04-07,36.7,0
2025-04-07 13:34:04,East Delhi,2025-04-08,36.3,0
2025-04-07 13:34:04,East Delhi,2025-04-09,36.3,0
2025-04-07 13:34:04,East Delhi,2025-04-10,33.7,0
2025-04-07 13:34:04,East Delhi,2025-04-11,29.7,0
2025-04-07 13:34:04,East Delhi,2025-04-12,34.3,0
2025-04-07 13:34:04,East Delhi,2025-04-13,34.9,0
2025-04-07 13:34:05,West Delhi,2025-04-07,37.0,0
2025-04-07 13:34:05,West Delhi,2025-04-08,36.6,0
2025-04-07 13:34:05,West Delhi,2025-04-09,36.7,0
2025-04-07 13:34:05,West Delhi,2025-04-10,34.2,0
2025-04-07 13:34:05,West Delhi,2025-04-11,30.3,0
2025-04-07 13:34:05,West Delhi,2025-04-12,34.7,0
2025-04-07 13:34:05,West Delhi,2025-04-13,35.0,0
2025-04-07 13:34:05,Central Delhi,2025-04-07,36.6,0
2025-04-07 13:34:05,Central Delhi,2025-04-08,36.2,0
2025-04-07 13:34:05,Central Delhi,2025-04-09,36.3,0
2025-04-07 13:34:05,Central Delhi,2025-04-10,33.6,0
2025-04-07 13:34:05,Central Delhi,2025-04-11,29.7,0
2025-04-07 13:34:05,Central Delhi,2025-04-12,34.2,0
2025-04-07 13:34:05,Central Delhi,2025-04-13,34.8,0
2025-04-07 13:34:06,North West Delhi,2025-04-07,36.7,0
2025-04-07 13:34:06,North West Delhi,2025-04-08,36.1,0
2025-04-07 13:34:06,North West Delhi,2025-04-09,36.3,0
2025-04-07 13:34:06,North West Delhi,2025-04-10,33.8,0
2025-04-07 13:34:06,North West Delhi,2025-04-11,29.7,0
2025-04-07 13:34:06,North West Delhi,2025-04-12,34.4,0
2025-04-07 13:34:06,North West Delhi,2025-04-13,35.1,0
2025-04-07 13:34:07,South West Delhi,2025-04-07,37.1,0
2025-04-07 13:34:07,South West Delhi,2025-04-08,36.8,0
2025-04-07 13:34:07,South West Delhi,2025-04-09,36.8,0
2025-04-07 13:34:07,South West Delhi,2025-04-10,34.4,0
2025-04-07 13:34:07,South West Delhi,2025-04-11,30.4,0
2025-04-07 13:34:07,South West Delhi,2025-04-12,34.9,0
2025-04-07 13:34:07,South West Delhi,2025-04-13,35.1,0
2025-04-07 13:34:07,Shahdara,2025-04-07,36.7,0
2025-04-07 13:34:07,Shahdara,2025-04-08,36.3,0
2025-04-07 13:34:07,Shahdara,2025-04-09,36.3,0
2025-04-07 13:34:07,Shahdara,2025-04-10,33.7,0
2025-04-07 13:34:07,Shahdara,2025-04-11,29.8,0
2025-04-07 13:34:07,Shahdara,2025-04-12,34.3,0
2025-04-07 13:34:07,Shahdara,2025-04-13,34.9,0
2025-04-07 13:34:08,Dwarka,2025-04-07,37.0,0
2025-04-07 13:34:08,Dwarka,2025-04-08,36.6,0
2025-04-07 13:34:08,Dwarka,2025-04-09,36.7,0
2025-04-07 13:34:08,Dwarka,2025-04-10,34.3,0
2025-04-07 13:34:08,Dwarka,2025-04-11,30.2,0
2025-04-07 13:34:08,Dwarka,2025-04-12,34.6,0
2025-04-07 13:34:08,Dwarka,2025-04-13,35.2,0
2025-04-07 13:34:08,Rohini,2025-04-07,36.6,0
2025-04-07 13:34:08,Rohini,2025-04-08,36.1,0
2025-04-07 13:34:08,Rohini,2025-04-09,36.2,0
2025-04-07 13:34:08,Rohini,2025-04-10,33.7,0
2025-04-07 13:34:08,Rohini,2025-04-11,29.7,0
2025-04-07 13:34:08,Rohini,2025-04-12,34.3,0
2025-04-07 13:34:08,Rohini,2025-04-13,35.1,0
2025-04-07 13:34:09,Vasant Kunj,2025-04-07,37.0,0
2025-04-07 13:34:09,Vasant Kunj,2025-04-08,36.7,0
2025-04-07 13:34:09,Vasant Kunj,2025-04-09,36.7,0
2025-04-07 13:34:09,Vasant Kunj,2025-04-10,34.4,0
2025-04-07 13:34:09,Vasant Kunj,2025-04-11,30.4,0
2025-04-07 13:34:09,Vasant Kunj,2025-04-12,34.8,0
2025-04-07 13:34:09,Vasant Kunj,2025-04-13,35.1,0
2025-04-07 13:34:09,Pitampura,2025-04-07,36.6,0
2025-04-07 13:34:09,Pitampura,2025-04-08,36.1,0
2025-04-07 13:34:09,Pitampura,2025-04-09,36.2,0
2025-04-07 13:34:09,Pitampura,2025-04-10,33.7,0
2025-04-07 13:34:09,Pitampura,2025-04-11,29.7,0
2025-04-07 13:34:09,Pitampura,2025-04-12,34.3,0
2025-04-07 13:34:09,Pitampura,2025-04-13,35.1,0
2025-04-07 13:34:10,Saket,2025-04-07,37.0,0
2025-04-07 13:34:10,Saket,2025-04-08,36.7,0
2025-04-07 13:34:10,Saket,2025-04-09,36.7,0
2025-04-07 13:34:10,Saket,2025-04-10,34.2,0
2025-04-07 13:34:10,Saket,2025-04-11,31.1,0
2025-04-07 13:34:10,Saket,2025-04-12,34.9,0
2025-04-07 13:34:10,Saket,2025-04-13,35.3,0
2025-04-07 13:34:11,Preet Vihar,2025-04-07,36.7,0
2025-04-07 13:34:11,Preet Vihar,2025-04-08,36.3,0
2025-04-07 13:34:11,Preet Vihar,2025-04-09,36.3,0
2025-04-07 13:34:11,Preet Vihar,2025-04-10,33.7,0
2025-04-07 13:34:11,Preet Vihar,2025-04-11,29.7,0
2025-04-07 13:34:11,Preet Vihar,2025-04-12,34.3,0
2025-04-07 13:34:11,Preet Vihar,2025-04-13,34.9,0
2025-04-07 13:34:11,Karol Bagh,2025-04-07,36.6,0
2025-04-07 13:34:11,Karol Bagh,2025-04-08,36.2,0
2025-04-07 13:34:11,Karol Bagh,2025-04-09,36.2,0
2025-04-07 13:34:11,Karol Bagh,2025-04-10,33.6,0
2025-04-07 13:34:11,Karol Bagh,2025-04-11,29.6,0
2025-04-07 13:34:11,Karol Bagh,2025-04-12,34.2,0
2025-04-07 13:34:11,Karol Bagh,2025-04-13,34.8,0
2025-04-07 13:34:12,Moti Nagar,2025-04-07,37.0,0
2025-04-07 13:34:12,Moti Nagar,2025-04-08,36.6,0
2025-04-07 13:34:12,Moti Nagar,2025-04-09,36.6,0
2025-04-07 13:34:12,Moti Nagar,2025-04-10,34.1,0
2025-04-07 13:34:12,Moti Nagar,2025-04-11,30.2,0
2025-04-07 13:34:12,Moti Nagar,2025-04-12,34.7,0
2025-04-07 13:34:12,Moti Nagar,2025-04-13,35.0,0
2025-04-07 13:34:12,Janakpuri,2025-04-07,37.0,0
2025-04-07 13:34:12,Janakpuri,2025-04-08,36.6,0
2025-04-07 13:34:12,Janakpuri,2025-04-09,36.6,0
2025-04-07 13:34:12,Janakpuri,2025-04-10,34.1,0
2025-04-07 13:34:12,Janakpuri,2025-04-11,30.2,0
2025-04-07 13:34:12,Janakpuri,2025-04-12,34.7,0
2025-04-07 13:34:12,Janakpuri,2025-04-13,35.0,0
2025-04-07 13:34:13,Lajpat Nagar,2025-04-07,36.6,0
2025-04-07 13:34:13,Lajpat Nagar,2025-04-08,36.2,0
2025-04-07 13:34:13,Lajpat Nagar,2025-04-09,36.3,0
2025-04-07 13:34:13,Lajpat Nagar,2025-04-10,33.6,0
2025-04-07 13:34:13,Lajpat Nagar,2025-04-11,29.7,0
2025-04-07 13:34:13,Lajpat Nagar,2025-04-12,34.2,0
2025-04-07 13:34:13,Lajpat Nagar,2025-04-13,34.8,0
2025-04-07 13:34:13,Rajouri Garden,2025-04-07,37.0,0
2025-04-07 13:34:13,Rajouri Garden,2025-04-08,36.6,0
2025-04-07 13:34:13,Rajouri Garden,2025-04-09,36.6,0
2025-04-07 13:34:13,Rajouri Garden,2025-04-10,34.1,0
2025-04-07 13:34:13,Rajouri Garden,2025-04-11,30.2,0
2025-04-07 13:34:13,Rajouri Garden,2025-04-12,34.7,0
2025-04-07 13:34:13,Rajouri Garden,2025-04-13,35.0,0
2025-04-07 13:34:14,Greater Kailash,2025-04-07,36.9,0
2025-04-07 13:34:14,Greater Kailash,2025-04-08,36.7,0
2025-04-07 13:34:14,Greater Kailash,2025-04-09,36.7,0
2025-04-07 13:34:14,Greater Kailash,2025-04-10,34.2,0
2025-04-07 13:34:14,Greater Kailash,2025-04-11,31.0,0
2025-04-07 13:34:14,Greater Kailash,2025-04-12,34.8,0
2025-04-07 13:34:14,Greater Kailash,2025-04-13,35.2,0
2025-04-07 13:34:15,Okhla,2025-04-07,36.8,0
2025-04-07 13:34:15,Okhla,2025-04-08,36.6,0
2025-04-07 13:34:15,Okhla,2025-04-09,36.6,0
2025-04-07 13:34:15,Okhla,2025-04-10,34.1,0
2025-04-07 13:34:15,Okhla,2025-04-11,30.9,0
2025-04-07 13:34:15,Okhla,2025-04-12,34.7,0
2025-04-07 13:34:15,Okhla,2025-04-13,35.1,0
2025-04-07 13:34:15,Connaught Place,2025-04-07,36.6,0
2025-04-07 13:34:15,Connaught Place,2025-04-08,36.2,0
2025-04-07 13:34:15,Connaught Place,2025-04-09,36.3,0
2025-04-07 13:34:15,Connaught Place,2025-04-10,33.6,0
2025-04-07 13:34:15,Connaught Place,2025-04-11,29.7,0
2025-04-07 13:34:15,Connaught Place,2025-04-12,34.2,0
2025-04-07 13:34:15,Connaught Place,2025-04-13,34.8,0
2025-04-07 13:34:16,Gurugram,2025-04-07,36.9,0
2025-04-07 13:34:16,Gurugram,2025-04-08,36.5,0
2025-04-07 13:34:16,Gurugram,2025-04-09,36.6,0
2025-04-07 13:34:16,Gurugram,2025-04-10,34.2,0
2025-04-07 13:34:16,Gurugram,2025-04-11,30.1,0
2025-04-07 13:34:16,Gurugram,2025-04-12,34.5,0
2025-04-07 13:34:16,Gurugram,2025-04-13,35.1,0
2025-04-07 13:34:16,Noida,2025-04-07,37.2,0
2025-04-07 13:34:16,Noida,2025-04-08,36.9,0
2025-04-07 13:34:16,Noida,2025-04-09,36.9,0
2025-04-07 13:34:16,Noida,2025-04-10,34.4,0
2025-04-07 13:34:16,Noida,2025-04-11,31.3,0
2025-04-07 13:34:16,Noida,2025-04-12,35.1,0
2025-04-07 13:34:16,Noida,2025-04-13,35.5,0
2025-04-07 13:34:17,Faridabad,2025-04-07,36.9,0
2025-04-07 13:34:17,Faridabad,2025-04-08,36.8,0
2025-04-07 13:34:17,Faridabad,2025-04-09,37.0,0
2025-04-07 13:34:17,Faridabad,2025-04-10,34.2,0
2025-04-07 13:34:17,Faridabad,2025-04-11,31.6,0
2025-04-07 13:34:17,Faridabad,2025-04-12,34.9,0
2025-04-07 13:34:17,Faridabad,2025-04-13,35.9,0
2025-04-07 13:36:53,New Delhi,2025-04-07,36.7,1
2025-04-07 13:36:53,New Delhi,2025-04-08,36.3,1
2025-04-07 13:36:53,New Delhi,2025-04-09,36.3,1
2025-04-07 13:36:53,New Delhi,2025-04-10,33.7,0
2025-04-07 13:36:53,New Delhi,2025-04-11,29.7,0
2025-04-07 13:36:53,New Delhi,2025-04-12,34.3,0
2025-04-07 13:36:53,New Delhi,2025-04-13,34.9,0
2025-04-07 13:36:54,North Delhi,2025-04-07,36.6,1
2025-04-07 13:36:54,North Delhi,2025-04-08,36.4,1
2025-04-07 13:36:54,North Delhi,2025-04-09,36.4,1
2025-04-07 13:36:54,North Delhi,2025-04-10,33.7,0
2025-04-07 13:36:54,North Delhi,2025-04-11,30.1,0
2025-04-07 13:36:54,North Delhi,2025-04-12,34.4,0
2025-04-07 13:36:54,North Delhi,2025-04-13,35.0,1
2025-04-07 13:36:55,South Delhi,2025-04-07,37.0,1
2025-04-07 13:36:55,South Delhi,2025-04-08,36.7,1
2025-04-07 13:36:55,South Delhi,2025-04-09,36.7,1
2025-04-07 13:36:55,South Delhi,2025-04-10,34.2,0
2025-04-07 13:36:55,South Delhi,2025-04-11,31.1,0
2025-04-07 13:36:55,South Delhi,2025-04-12,34.9,0
2025-04-07 13:36:55,South Delhi,2025-04-13,35.3,1
2025-04-07 13:36:55,East Delhi,2025-04-07,36.7,1
2025-04-07 13:36:55,East Delhi,2025-04-08,36.3,1
2025-04-07 13:36:55,East Delhi,2025-04-09,36.3,1
2025-04-07 13:36:55,East Delhi,2025-04-10,33.7,0
2025-04-07 13:36:55,East Delhi,2025-04-11,29.7,0
2025-04-07 13:36:55,East Delhi,2025-04-12,34.3,0
2025-04-07 13:36:55,East Delhi,2025-04-13,34.9,0
2025-04-07 13:36:56,West Delhi,2025-04-07,37.0,1
2025-04-07 13:36:56,West Delhi,2025-04-08,36.6,1
2025-04-07 13:36:56,West Delhi,2025-04-09,36.7,1
2025-04-07 13:36:56,West Delhi,2025-04-10,34.2,0
2025-04-07 13:36:56,West Delhi,2025-04-11,30.3,0
2025-04-07 13:36:56,West Delhi,2025-04-12,34.7,0
2025-04-07 13:36:56,West Delhi,2025-04-13,35.0,1
2025-04-07 13:36:57,Central Delhi,2025-04-07,36.6,1
2025-04-07 13:36:57,Central Delhi,2025-04-08,36.2,1
2025-04-07 13:36:57,Central Delhi,2025-04-09,36.3,1
2025-04-07 13:36:57,Central Delhi,2025-04-10,33.6,0
2025-04-07 13:36:57,Central Delhi,2025-04-11,29.7,0
2025-04-07 13:36:57,Central Delhi,2025-04-12,34.2,0
2025-04-07 13:36:57,Central Delhi,2025-04-13,34.8,0
2025-04-07 13:36:57,North West Delhi,2025-04-07,36.7,1
2025-04-07 13:36:57,North West Delhi,2025-04-08,36.1,1
2025-04-07 13:36:57,North West Delhi,2025-04-09,36.3,1
2025-04-07 13:36:57,North West Delhi,2025-04-10,33.8,0
2025-04-07 13:36:57,North West Delhi,2025-04-11,29.7,0
2025-04-07 13:36:57,North West Delhi,2025-04-12,34.4,0
2025-04-07 13:36:57,North West Delhi,2025-04-13,35.1,1
2025-04-07 13:36:58,South West Delhi,2025-04-07,37.1,1
2025-04-07 13:36:58,South West Delhi,2025-04-08,36.8,1
2025-04-07 13:36:58,South West Delhi,2025-04-09,36.8,1
2025-04-07 13:36:58,South West Delhi,2025-04-10,34.4,0
2025-04-07 13:36:58,South West Delhi,2025-04-11,30.4,0
2025-04-07 13:36:58,South West Delhi,2025-04-12,34.9,0
2025-04-07 13:36:58,South West Delhi,2025-04-13,35.1,1
2025-04-07 13:36:58,Shahdara,2025-04-07,36.7,1
2025-04-07 13:36:58,Shahdara,2025-04-08,36.3,1
2025-04-07 13:36:58,Shahdara,2025-04-09,36.3,1
2025-04-07 13:36:58,Shahdara,2025-04-10,33.7,0
2025-04-07 13:36:58,Shahdara,2025-04-11,29.8,0
2025-04-07 13:36:58,Shahdara,2025-04-12,34.3,0
2025-04-07 13:36:58,Shahdara,2025-04-13,34.9,0
2025-04-07 13:36:59,Dwarka,2025-04-07,37.0,1
2025-04-07 13:36:59,Dwarka,2025-04-08,36.6,1
2025-04-07 13:36:59,Dwarka,2025-04-09,36.7,1
2025-04-07 13:36:59,Dwarka,2025-04-10,34.3,0
2025-04-07 13:36:59,Dwarka,2025-04-11,30.2,0
2025-04-07 13:36:59,Dwarka,2025-04-12,34.6,0
2025-04-07 13:36:59,Dwarka,2025-04-13,35.2,1
2025-04-07 13:37:00,Rohini,2025-04-07,36.6,1
2025-04-07 13:37:00,Rohini,2025-04-08,36.1,1
2025-04-07 13:37:00,Rohini,2025-04-09,36.2,1
2025-04-07 13:37:00,Rohini,2025-04-10,33.7,0
2025-04-07 13:37:00,Rohini,2025-04-11,29.7,0
2025-04-07 13:37:00,Rohini,2025-04-12,34.3,0
2025-04-07 13:37:00,Rohini,2025-04-13,35.1,1
2025-04-07 13:37:00,Vasant Kunj,2025-04-07,37.0,1
2025-04-07 13:37:00,Vasant Kunj,2025-04-08,36.7,1
2025-04-07 13:37:00,Vasant Kunj,2025-04-09,36.7,1
2025-04-07 13:37:00,Vasant Kunj,2025-04-10,34.4,0
2025-04-07 13:37:00,Vasant Kunj,2025-04-11,30.4,0
2025-04-07 13:37:00,Vasant Kunj,2025-04-12,34.8,0
2025-04-07 13:37:00,Vasant Kunj,2025-04-13,35.1,1
2025-04-07 13:37:01,Pitampura,2025-04-07,36.6,1
2025-04-07 13:37:01,Pitampura,2025-04-08,36.1,1
2025-04-07 13:37:01,Pitampura,2025-04-09,36.2,1
2025-04-07 13:37:01,Pitampura,2025-04-10,33.7,0
2025-04-07 13:37:01,Pitampura,2025-04-11,29.7,0
2025-04-07 13:37:01,Pitampura,2025-04-12,34.3,0
2025-04-07 13:37:01,Pitampura,2025-04-13,35.1,1
2025-04-07 13:37:01,Saket,2025-04-07,37.0,1
2025-04-07 13:37:01,Saket,2025-04-08,36.7,1
2025-04-07 13:37:01,Saket,2025-04-09,36.7,1
2025-04-07 13:37:01,Saket,2025-04-10,34.2,0
2025-04-07 13:37:01,Saket,2025-04-11,31.1,0
2025-04-07 13:37:01,Saket,2025-04-12,34.9,0
2025-04-07 13:37:01,Saket,2025-04-13,35.3,1
2025-04-07 13:37:02,Preet Vihar,2025-04-07,36.7,1
2025-04-07 13:37:02,Preet Vihar,2025-04-08,36.3,1
2025-04-07 13:37:02,Preet Vihar,2025-04-09,36.3,1
2025-04-07 13:37:02,Preet Vihar,2025-04-10,33.7,0
2025-04-07 13:37:02,Preet Vihar,2025-04-11,29.7,0
2025-04-07 13:37:02,Preet Vihar,2025-04-12,34.3,0
2025-04-07 13:37:02,Preet Vihar,2025-04-13,34.9,0
2025-04-07 13:37:02,Karol Bagh,2025-04-07,36.6,1
2025-04-07 13:37:02,Karol Bagh,2025-04-08,36.2,1
2025-04-07 13:37:02,Karol Bagh,2025-04-09,36.2,1
2025-04-07 13:37:02,Karol Bagh,2025-04-10,33.6,0
2025-04-07 13:37:02,Karol Bagh,2025-04-11,29.6,0
2025-04-07 13:37:02,Karol Bagh,2025-04-12,34.2,0
2025-04-07 13:37:02,Karol Bagh,2025-04-13,34.8,0
2025-04-07 13:37:03,Moti Nagar,2025-04-07,37.0,1
2025-04-07 13:37:03,Moti Nagar,2025-04-08,36.6,1
2025-04-07 13:37:03,Moti Nagar,2025-04-09,36.6,1
2025-04-07 13:37:03,Moti Nagar,2025-04-10,34.1,0
2025-04-07 13:37:03,Moti Nagar,2025-04-11,30.2,0
2025-04-07 13:37:03,Moti Nagar,2025-04-12,34.7,0
2025-04-07 13:37:03,Moti Nagar,2025-04-13,35.0,1
2025-04-07 13:37:04,Janakpuri,2025-04-07,37.0,1
2025-04-07 13:37:04,Janakpuri,2025-04-08,36.6,1
2025-04-07 13:37:04,Janakpuri,2025-04-09,36.6,1
2025-04-07 13:37:04,Janakpuri,2025-04-10,34.1,0
2025-04-07 13:37:04,Janakpuri,2025-04-11,30.2,0
2025-04-07 13:37:04,Janakpuri,2025-04-12,34.7,0
2025-04-07 13:37:04,Janakpuri,2025-04-13,35.0,1
2025-04-07 13:37:04,Lajpat Nagar,2025-04-07,36.6,1
2025-04-07 13:37:04,Lajpat Nagar,2025-04-08,36.2,1
2025-04-07 13:37:04,Lajpat Nagar,2025-04-09,36.3,1
2025-04-07 13:37:04,Lajpat Nagar,2025-04-10,33.6,0
2025-04-07 13:37:04,Lajpat Nagar,2025-04-11,29.7,0
2025-04-07 13:37:04,Lajpat Nagar,2025-04-12,34.2,0
2025-04-07 13:37:04,Lajpat Nagar,2025-04-13,34.8,0
2025-04-07 13:37:05,Rajouri Garden,2025-04-07,37.0,1
2025-04-07 13:37:05,Rajouri Garden,2025-04-08,36.6,1
2025-04-07 13:37:05,Rajouri Garden,2025-04-09,36.6,1
2025-04-07 13:37:05,Rajouri Garden,2025-04-10,34.1,0
2025-04-07 13:37:05,Rajouri Garden,2025-04-11,30.2,0
2025-04-07 13:37:05,Rajouri Garden,2025-04-12,34.7,0
2025-04-07 13:37:05,Rajouri Garden,2025-04-13,35.0,1
2025-04-07 13:37:05,Greater Kailash,2025-04-07,36.9,1
2025-04-07 13:37:05,Greater Kailash,2025-04-08,36.7,1
2025-04-07 13:37:05,Greater Kailash,2025-04-09,36.7,1
2025-04-07 13:37:05,Greater Kailash,2025-04-10,34.2,0
2025-04-07 13:37:05,Greater Kailash,2025-04-11,31.0,0
2025-04-07 13:37:05,Greater Kailash,2025-04-12,34.8,0
2025-04-07 13:37:05,Greater Kailash,2025-04-13,35.2,1
2025-04-07 13:37:06,Okhla,2025-04-07,36.8,1
2025-04-07 13:37:06,Okhla,2025-04-08,36.6,1
2025-04-07 13:37:06,Okhla,2025-04-09,36.6,1
2025-04-07 13:37:06,Okhla,2025-04-10,34.1,0
2025-04-07 13:37:06,Okhla,2025-04-11,30.9,0
2025-04-07 13:37:06,Okhla,2025-04-12,34.7,0
2025-04-07 13:37:06,Okhla,2025-04-13,35.1,1
2025-04-07 13:37:07,Connaught Place,2025-04-07,36.6,1
2025-04-07 13:37:07,Connaught Place,2025-04-08,36.2,1
2025-04-07 13:37:07,Connaught Place,2025-04-09,36.3,1
2025-04-07 13:37:07,Connaught Place,2025-04-10,33.6,0
2025-04-07 13:37:07,Connaught Place,2025-04-11,29.7,0
2025-04-07 13:37:07,Connaught Place,2025-04-12,34.2,0
2025-04-07 13:37:07,Connaught Place,2025-04-13,34.8,0
2025-04-07 13:37:07,Gurugram,2025-04-07,36.9,1
2025-04-07 13:37:07,Gurugram,2025-04-08,36.5,1
2025-04-07 13:37:07,Gurugram,2025-04-09,36.6,1
2025-04-07 13:37:07,Gurugram,2025-04-10,34.2,0
2025-04-07 13:37:07,Gurugram,2025-04-11,30.1,0
2025-04-07 13:37:07,Gurugram,2025-04-12,34.5,0
2025-04-07 13:37:07,Gurugram,2025-04-13,35.1,1
2025-04-07 13:37:08,Noida,2025-04-07,37.2,1
2025-04-07 13:37:08,Noida,2025-04-08,36.9,1
2025-04-07 13:37:08,Noida,2025-04-09,36.9,1
2025-04-07 13:37:08,Noida,2025-04-10,34.4,0
2025-04-07 13:37:08,Noida,2025-04-11,31.3,0
2025-04-07 13:37:08,Noida,2025-04-12,35.1,1
2025-04-07 13:37:08,Noida,2025-04-13,35.5,1
2025-04-07 13:37:08,Faridabad,2025-04-07,36.9,1
2025-04-07 13:37:08,Faridabad,2025-04-08,36.8,1
2025-04-07 13:37:08,Faridabad,2025-04-09,37.0,1
2025-04-07 13:37:08,Faridabad,2025-04-10,34.2,0
2025-04-07 13:37:08,Faridabad,2025-04-11,31.6,0
2025-04-07 13:37:08,Faridabad,2025-04-12,34.9,0
2025-04-07 13:37:08,Faridabad,2025-04-13,35.9,1
2025-04-07 16:03:25,New Delhi,2025-03-31,37.4,1
2025-04-07 16:03:25,New Delhi,2025-04-01,37.1,1
2025-04-07 16:03:25,New Delhi,2025-04-02,37.0,1
2025-04-07 16:03:25,New Delhi,2025-04-03,37.0,1
2025-04-07 16:03:25,New Delhi,2025-04-04,33.6,0
2025-04-07 16:03:25,New Delhi,2025-04-05,34.3,0
2025-04-07 16:03:25,New Delhi,2025-04-06,34.9,0
2025-04-07 16:03:25,North Delhi,2025-03-31,37.3,1
2025-04-07 16:03:25,North Delhi,2025-04-01,37.0,1
2025-04-07 16:03:25,North Delhi,2025-04-02,36.9,1
2025-04-07 16:03:25,North Delhi,2025-04-03,36.7,1
2025-04-07 16:03:25,North Delhi,2025-04-04,33.5,0
2025-04-07 16:03:25,North Delhi,2025-04-05,34.4,0
2025-04-07 16:03:25,North Delhi,2025-04-06,35.0,1
2025-04-07 16:03:26,South Delhi,2025-03-31,37.9,1
2025-04-07 16:03:26,South Delhi,2025-04-01,37.3,1
2025-04-07 16:03:26,South Delhi,2025-04-02,37.3,1
2025-04-07 16:03:26,South Delhi,2025-04-03,37.4,1
2025-04-07 16:03:26,South Delhi,2025-04-04,33.5,0
2025-04-07 16:03:26,South Delhi,2025-04-05,34.9,0
2025-04-07 16:03:26,South Delhi,2025-04-06,35.3,1
2025-04-07 16:03:27,East Delhi,2025-03-31,37.4,1
2025-04-07 16:03:27,East Delhi,2025-04-01,37.1,1
2025-04-07 16:03:27,East Delhi,2025-04-02,37.0,1
2025-04-07 16:03:27,East Delhi,2025-04-03,37.0,1
2025-04-07 16:03:27,East Delhi,2025-04-04,33.6,0
2025-04-07 16:03:27,East Delhi,2025-04-05,34.3,0
2025-04-07 16:03:27,East Delhi,2025-04-06,34.9,0
2025-04-07 16:03:27,West Delhi,2025-03-31,37.9,1
2025-04-07 16:03:27,West Delhi,2025-04-01,37.4,1
2025-04-07 16:03:27,West Delhi,2025-04-02,37.4,1
2025-04-07 16:03:27,West Delhi,2025-04-03,37.4,1
2025-04-07 16:03:27,West Delhi,2025-04-04,33.6,0
2025-04-07 16:03:27,West Delhi,2025-04-05,34.7,0
2025-04-07 16:03:27,West Delhi,2025-04-06,35.0,1
2025-04-07 16:03:28,Central Delhi,2025-03-31,37.4,1
2025-04-07 16:03:28,Central Delhi,2025-04-01,37.0,1
2025-04-07 16:03:28,Central Delhi,2025-04-02,37.0,1
2025-04-07 16:03:28,Central Delhi,2025-04-03,36.9,1
2025-04-07 16:03:28,Central Delhi,2025-04-04,33.6,0
2025-04-07 16:03:28,Central Delhi,2025-04-05,34.2,0
2025-04-07 16:03:28,Central Delhi,2025-04-06,34.8,0
2025-04-07 16:03:28,North West Delhi,2025-03-31,37.4,1
2025-04-07 16:03:28,North West Delhi,2025-04-01,37.0,1
2025-04-07 16:03:28,North West Delhi,2025-04-02,37.0,1
2025-04-07 16:03:28,North West Delhi,2025-04-03,36.8,1
2025-04-07 16:03:28,North West Delhi,2025-04-04,34.0,0
2025-04-07 16:03:28,North West Delhi,2025-04-05,34.4,0
2025-04-07 16:03:28,North West Delhi,2025-04-06,35.1,1
2025-04-07 16:03:29,South West Delhi,2025-03-31,38.1,2
2025-04-07 16:03:29,South West Delhi,2025-04-01,37.5,1
2025-04-07 16:03:29,South West Delhi,2025-04-02,37.5,1
2025-04-07 16:03:29,South West Delhi,2025-04-03,37.4,1
2025-04-07 16:03:29,South West Delhi,2025-04-04,33.8,0
2025-04-07 16:03:29,South West Delhi,2025-04-05,34.9,0
2025-04-07 16:03:29,South West Delhi,2025-04-06,35.1,1
2025-04-07 16:03:30,Shahdara,2025-03-31,37.5,1
2025-04-07 16:03:30,Shahdara,2025-04-01,37.1,1
2025-04-07 16:03:30,Shahdara,2025-04-02,37.0,1
2025-04-07 16:03:30,Shahdara,2025-04-03,37.0,1
2025-04-07 16:03:30,Shahdara,2025-04-04,33.7,0
2025-04-07 16:03:30,Shahdara,2025-04-05,34.3,0
2025-04-07 16:03:30,Shahdara,2025-04-06,34.9,0
2025-04-07 16:03:30,Dwarka,2025-03-31,38.0,2
2025-04-07 16:03:30,Dwarka,2025-04-01,37.5,1
2025-04-07 16:03:30,Dwarka,2025-04-02,37.5,1
2025-04-07 16:03:30,Dwarka,2025-04-03,37.1,1
2025-04-07 16:03:30,Dwarka,2025-04-04,34.1,0
2025-04-07 16:03:30,Dwarka,2025-04-05,34.6,0
2025-04-07 16:03:30,Dwarka,2025-04-06,35.2,1
2025-04-07 16:03:31,Rohini,2025-03-31,37.4,1
2025-04-07 16:03:31,Rohini,2025-04-01,37.0,1
2025-04-07 16:03:31,Rohini,2025-04-02,37.0,1
2025-04-07 16:03:31,Rohini,2025-04-03,36.7,1
2025-04-07 16:03:31,Rohini,2025-04-04,33.9,0
2025-04-07 16:03:31,Rohini,2025-04-05,34.3,0
2025-04-07 16:03:31,Rohini,2025-04-06,35.1,1
2025-04-07 16:03:31,Vasant Kunj,2025-03-31,38.0,2
2025-04-07 16:03:31,Vasant Kunj,2025-04-01,37.4,1
2025-04-07 16:03:31,Vasant Kunj,2025-04-02,37.5,1
2025-04-07 16:03:31,Vasant Kunj,2025-04-03,37.4,1
2025-04-07 16:03:31,Vasant Kunj,2025-04-04,33.8,0
2025-04-07 16:03:31,Vasant Kunj,2025-04-05,34.8,0
2025-04-07 16:03:31,Vasant Kunj,2025-04-06,35.1,1
2025-04-07 16:03:32,Pitampura,2025-03-31,37.4,1
2025-04-07 16:03:32,Pitampura,2025-04-01,37.0,1
2025-04-07 16:03:32,Pitampura,2025-04-02,37.0,1
2025-04-07 16:03:32,Pitampura,2025-04-03,36.7,1
2025-04-07 16:03:32,Pitampura,2025-04-04,33.9,0
2025-04-07 16:03:32,Pitampura,2025-04-05,34.3,0
2025-04-07 16:03:32,Pitampura,2025-04-06,35.1,1
2025-04-07 16:03:32,Saket,2025-03-31,37.9,1
2025-04-07 16:03:32,Saket,2025-04-01,37.3,1
2025-04-07 16:03:32,Saket,2025-04-02,37.3,1
2025-04-07 16:03:32,Saket,2025-04-03,37.4,1
2025-04-07 16:03:32,Saket,2025-04-04,33.5,0
2025-04-07 16:03:32,Saket,2025-04-05,34.9,0
2025-04-07 16:03:32,Saket,2025-04-06,35.3,1
2025-04-07 16:03:33,Preet Vihar,2025-03-31,37.4,1
2025-04-07 16:03:33,Preet Vihar,2025-04-01,37.1,1
2025-04-07 16:03:33,Preet Vihar,2025-04-02,37.0,1
2025-04-07 16:03:33,Preet Vihar,2025-04-03,37.0,1
2025-04-07 16:03:33,Preet Vihar,2025-04-04,33.6,0
2025-04-07 16:03:33,Preet Vihar,2025-04-05,34.3,0
2025-04-07 16:03:33,Preet Vihar,2025-04-06,34.9,0
2025-04-07 16:03:34,Karol Bagh,2025-03-31,37.3,1
2025-04-07 16:03:34,Karol Bagh,2025-04-01,37.0,1
2025-04-07 16:03:34,Karol Bagh,2025-04-02,36.9,1
2025-04-07 16:03:34,Karol Bagh,2025-04-03,36.9,1
2025-04-07 16:03:34,Karol Bagh,2025-04-04,33.5,0
2025-04-07 16:03:34,Karol Bagh,2025-04-05,34.2,0
2025-04-07 16:03:34,Karol Bagh,2025-04-06,34.8,0
2025-04-07 16:03:34,Moti Nagar,2025-03-31,37.9,1
2025-04-07 16:03:34,Moti Nagar,2025-04-01,37.4,1
2025-04-07 16:03:34,Moti Nagar,2025-04-02,37.4,1
2025-04-07 16:03:34,Moti Nagar,2025-04-03,37.3,1
2025-04-07 16:03:34,Moti Nagar,2025-04-04,33.6,0
2025-04-07 16:03:34,Moti Nagar,2025-04-05,34.7,0
2025-04-07 16:03:34,Moti Nagar,2025-04-06,35.0,1
2025-04-07 16:03:35,Janakpuri,2025-03-31,37.9,1
2025-04-07 16:03:35,Janakpuri,2025-04-01,37.4,1
2025-04-07 16:03:35,Janakpuri,2025-04-02,37.4,1
2025-04-07 16:03:35,Janakpuri,2025-04-03,37.3,1
2025-04-07 16:03:35,Janakpuri,2025-04-04,33.6,0
2025-04-07 16:03:35,Janakpuri,2025-04-05,34.7,0
2025-04-07 16:03:35,Janakpuri,2025-04-06,35.0,1
2025-04-07 16:03:35,Lajpat Nagar,2025-03-31,37.4,1
2025-04-07 16:03:35,Lajpat Nagar,2025-04-01,37.0,1
2025-04-07 16:03:35,Lajpat Nagar,2025-04-02,37.0,1
2025-04-07 16:03:35,Lajpat Nagar,2025-04-03,36.9,1
2025-04-07 16:03:35,Lajpat Nagar,2025-04-04,33.6,0
2025-04-07 16:03:35,Lajpat Nagar,2025-04-05,34.2,0
2025-04-07 16:03:35,Lajpat Nagar,2025-04-06,34.8,0
2025-04-07 16:03:36,Rajouri Garden,2025-03-31,37.9,1
2025-04-07 16:03:36,Rajouri Garden,2025-04-01,37.4,1
2025-04-07 16:03:36,Rajouri Garden,2025-04-02,37.4,1
2025-04-07 16:03:36,Rajouri Garden,2025-04-03,37.3,1
2025-04-07 16:03:36,Rajouri Garden,2025-04-04,33.6,0
2025-04-07 16:03:36,Rajouri Garden,2025-04-05,34.7,0
2025-04-07 16:03:36,Rajouri Garden,2025-04-06,35.0,1
2025-04-07 16:03:37,Greater Kailash,2025-03-31,37.9,1
2025-04-07 16:03:37,Greater Kailash,2025-04-01,37.3,1
2025-04-07 16:03:37,Greater Kailash,2025-04-02,37.3,1
2025-04-07 16:03:37,Greater Kailash,2025-04-03,37.4,1
2025-04-07 16:03:37,Greater Kailash,2025-04-04,33.5,0
2025-04-07 16:03:37,Greater Kailash,2025-04-05,34.8,0
2025-04-07 16:03:37,Greater Kailash,2025-04-06,35.2,1
2025-04-07 16:03:37,Okhla,2025-03-31,37.8,1
2025-04-07 16:03:37,Okhla,2025-04-01,37.2,1
2025-04-07 16:03:37,Okhla,2025-04-02,37.2,1
2025-04-07 16:03:37,Okhla,2025-04-03,37.3,1
2025-04-07 16:03:37,Okhla,2025-04-04,33.4,0
2025-04-07 16:03:37,Okhla,2025-04-05,34.7,0
2025-04-07 16:03:37,Okhla,2025-04-06,35.1,1
2025-04-07 16:03:38,Connaught Place,2025-03-31,37.4,1
2025-04-07 16:03:38,Connaught Place,2025-04-01,37.0,1
2025-04-07 16:03:38,Connaught Place,2025-04-02,37.0,1
2025-04-07 16:03:38,Connaught Place,2025-04-03,36.9,1
2025-04-07 16:03:38,Connaught Place,2025-04-04,33.6,0
2025-04-07 16:03:38,Connaught Place,2025-04-05,34.2,0
2025-04-07 16:03:38,Connaught Place,2025-04-06,34.8,0
2025-04-07 16:03:38,Gurugram,2025-03-31,37.9,1
2025-04-07 16:03:38,Gurugram,2025-04-01,37.4,1
2025-04-07 16:03:38,Gurugram,2025-04-02,37.4,1
2025-04-07 16:03:38,Gurugram,2025-04-03,37.0,1
2025-04-07 16:03:38,Gurugram,2025-04-04,34.0,0
2025-04-07 16:03:38,Gurugram,2025-04-05,34.5,0
2025-04-07 16:03:38,Gurugram,2025-04-06,35.1,1
2025-04-07 16:03:39,Noida,2025-03-31,38.1,2
2025-04-07 16:03:39,Noida,2025-04-01,37.5,1
2025-04-07 16:03:39,Noida,2025-04-02,37.5,1
2025-04-07 16:03:39,Noida,2025-04-03,37.6,1
2025-04-07 16:03:39,Noida,2025-04-04,33.7,0
2025-04-07 16:03:39,Noida,2025-04-05,35.1,1
2025-04-07 16:03:39,Noida,2025-04-06,35.5,1
2025-04-07 16:03:40,Faridabad,2025-03-31,37.8,1
2025-04-07 16:03:40,Faridabad,2025-04-01,37.3,1
2025-04-07 16:03:40,Faridabad,2025-04-02,37.5,1
2025-04-07 16:03:40,Faridabad,2025-04-03,37.4,1
2025-04-07 16:03:40,Faridabad,2025-04-04,33.7,0
2025-04-07 16:03:40,Faridabad,2025-04-05,34.9,0
2025-04-07 16:03:40,Faridabad,2025-04-06,35.9,1
2025-04-08 10:28:25,New Delhi,2025-04-01,37.8,1
2025-04-08 10:28:25,New Delhi,2025-04-02,36.7,1
2025-04-08 10:28:25,New Delhi,2025-04-03,36.3,1
2025-04-08 10:28:25,New Delhi,2025-04-04,29.4,0
2025-04-08 10:28:25,New Delhi,2025-04-05,33.0,0
2025-04-08 10:28:25,New Delhi,2025-04-06,34.8,0
2025-04-08 10:28:25,New Delhi,2025-04-07,36.4,1
2025-04-08 10:28:25,North Delhi,2025-04-01,37.6,1
2025-04-08 10:28:25,North Delhi,2025-04-02,36.5,1
2025-04-08 10:28:25,North Delhi,2025-04-03,35.9,1
2025-04-08 10:28:25,North Delhi,2025-04-04,29.1,0
2025-04-08 10:28:25,North Delhi,2025-04-05,33.1,0
2025-04-08 10:28:25,North Delhi,2025-04-06,34.6,0
2025-04-08 10:28:25,North Delhi,2025-04-07,36.3,1
2025-04-08 10:28:26,South Delhi,2025-04-01,38.1,2
2025-04-08 10:28:26,South Delhi,2025-04-02,37.0,1
2025-04-08 10:28:26,South Delhi,2025-04-03,36.7,1
2025-04-08 10:28:26,South Delhi,2025-04-04,30.4,0
2025-04-08 10:28:26,South Delhi,2025-04-05,32.2,0
2025-04-08 10:28:26,South Delhi,2025-04-06,35.1,1
2025-04-08 10:28:26,South Delhi,2025-04-07,37.3,1
2025-04-08 10:28:27,East Delhi,2025-04-01,37.8,1
2025-04-08 10:28:27,East Delhi,2025-04-02,36.7,1
2025-04-08 10:28:27,East Delhi,2025-04-03,36.3,1
2025-04-08 10:28:27,East Delhi,2025-04-04,29.4,0
2025-04-08 10:28:27,East Delhi,2025-04-05,33.0,0
2025-04-08 10:28:27,East Delhi,2025-04-06,34.8,0
2025-04-08 10:28:27,East Delhi,2025-04-07,36.4,1
2025-04-08 10:28:28,West Delhi,2025-04-01,38.1,2
2025-04-08 10:28:28,West Delhi,2025-04-02,37.0,1
2025-04-08 10:28:28,West Delhi,2025-04-03,36.9,1
2025-04-08 10:28:28,West Delhi,2025-04-04,30.2,0
2025-04-08 10:28:28,West Delhi,2025-04-05,32.1,0
2025-04-08 10:28:28,West Delhi,2025-04-06,35.0,1
2025-04-08 10:28:28,West Delhi,2025-04-07,36.9,1
2025-04-08 10:28:29,Central Delhi,2025-04-01,37.7,1
2025-04-08 10:28:29,Central Delhi,2025-04-02,36.6,1
2025-04-08 10:28:29,Central Delhi,2025-04-03,36.2,1
2025-04-08 10:28:29,Central Delhi,2025-04-04,29.4,0
2025-04-08 10:28:29,Central Delhi,2025-04-05,33.0,0
2025-04-08 10:28:29,Central Delhi,2025-04-06,34.8,0
2025-04-08 10:28:29,Central Delhi,2025-04-07,36.4,1
2025-04-08 10:28:29,North West Delhi,2025-04-01,37.7,1
2025-04-08 10:28:29,North West Delhi,2025-04-02,36.6,1
2025-04-08 10:28:29,North West Delhi,2025-04-03,36.2,1
2025-04-08 10:28:29,North West Delhi,2025-04-04,29.5,0
2025-04-08 10:28:29,North West Delhi,2025-04-05,32.7,0
2025-04-08 10:28:29,North West Delhi,2025-04-06,35.0,1
2025-04-08 10:28:29,North West Delhi,2025-04-07,36.6,1
2025-04-08 10:28:30,South West Delhi,2025-04-01,38.3,2
2025-04-08 10:28:30,South West Delhi,2025-04-02,37.2,1
2025-04-08 10:28:30,South West Delhi,2025-04-03,36.9,1
2025-04-08 10:28:30,South West Delhi,2025-04-04,30.7,0
2025-04-08 10:28:30,South West Delhi,2025-04-05,32.8,0
2025-04-08 10:28:30,South West Delhi,2025-04-06,35.0,1
2025-04-08 10:28:30,South West Delhi,2025-04-07,36.8,1
2025-04-08 10:28:31,Shahdara,2025-04-01,37.8,1
2025-04-08 10:28:31,Shahdara,2025-04-02,36.7,1
2025-04-08 10:28:31,Shahdara,2025-04-03,36.3,1
2025-04-08 10:28:31,Shahdara,2025-04-04,29.5,0
2025-04-08 10:28:31,Shahdara,2025-04-05,33.0,0
2025-04-08 10:28:31,Shahdara,2025-04-06,34.8,0
2025-04-08 10:28:31,Shahdara,2025-04-07,36.5,1
2025-04-08 10:28:32,Dwarka,2025-04-01,38.2,2
2025-04-08 10:28:32,Dwarka,2025-04-02,37.3,1
2025-04-08 10:28:32,Dwarka,2025-04-03,36.6,1
2025-04-08 10:28:32,Dwarka,2025-04-04,30.5,0
2025-04-08 10:28:32,Dwarka,2025-04-05,32.5,0
2025-04-08 10:28:32,Dwarka,2025-04-06,35.0,1
2025-04-08 10:28:32,Dwarka,2025-04-07,36.6,1
2025-04-08 10:28:33,Rohini,2025-04-01,37.7,1
2025-04-08 10:28:33,Rohini,2025-04-02,36.6,1
2025-04-08 10:28:33,Rohini,2025-04-03,36.1,1
2025-04-08 10:28:33,Rohini,2025-04-04,29.5,0
2025-04-08 10:28:33,Rohini,2025-04-05,32.6,0
2025-04-08 10:28:33,Rohini,2025-04-06,34.9,0
2025-04-08 10:28:33,Rohini,2025-04-07,36.6,1
2025-04-08 10:28:34,Vasant Kunj,2025-04-01,38.2,2
2025-04-08 10:28:34,Vasant Kunj,2025-04-02,37.2,1
2025-04-08 10:28:34,Vasant Kunj,2025-04-03,36.8,1
2025-04-08 10:28:34,Vasant Kunj,2025-04-04,30.6,0
2025-04-08 10:28:34,Vasant Kunj,2025-04-05,32.8,0
2025-04-08 10:28:34,Vasant Kunj,2025-04-06,35.0,1
2025-04-08 10:28:34,Vasant Kunj,2025-04-07,36.8,1
2025-04-08 10:28:35,Pitampura,2025-04-01,37.7,1
2025-04-08 10:28:35,Pitampura,2025-04-02,36.6,1
2025-04-08 10:28:35,Pitampura,2025-04-03,36.1,1
2025-04-08 10:28:35,Pitampura,2025-04-04,29.5,0
2025-04-08 10:28:35,Pitampura,2025-04-05,32.6,0
2025-04-08 10:28:35,Pitampura,2025-04-06,34.9,0
2025-04-08 10:28:35,Pitampura,2025-04-07,36.6,1
2025-04-08 10:28:35,Saket,2025-04-01,38.1,2
2025-04-08 10:28:35,Saket,2025-04-02,37.0,1
2025-04-08 10:28:35,Saket,2025-04-03,36.7,1
2025-04-08 10:28:35,Saket,2025-04-04,30.4,0
2025-04-08 10:28:35,Saket,2025-04-05,32.2,0
2025-04-08 10:28:35,Saket,2025-04-06,35.1,1
2025-04-08 10:28:35,Saket,2025-04-07,37.3,1
2025-04-08 10:28:37,Preet Vihar,2025-04-01,37.8,1
2025-04-08 10:28:37,Preet Vihar,2025-04-02,36.7,1
2025-04-08 10:28:37,Preet Vihar,2025-04-03,36.3,1
2025-04-08 10:28:37,Preet Vihar,2025-04-04,29.4,0
2025-04-08 10:28:37,Preet Vihar,2025-04-05,33.0,0
2025-04-08 10:28:37,Preet Vihar,2025-04-06,34.8,0
2025-04-08 10:28:37,Preet Vihar,2025-04-07,36.4,1
2025-04-08 10:28:37,Karol Bagh,2025-04-01,37.7,1
2025-04-08 10:28:37,Karol Bagh,2025-04-02,36.6,1
2025-04-08 10:28:37,Karol Bagh,2025-04-03,36.2,1
2025-04-08 10:28:37,Karol Bagh,2025-04-04,29.3,0
2025-04-08 10:28:37,Karol Bagh,2025-04-05,32.9,0
2025-04-08 10:28:37,Karol Bagh,2025-04-06,34.7,0
2025-04-08 10:28:37,Karol Bagh,2025-04-07,36.3,1
2025-04-08 10:28:38,Moti Nagar,2025-04-01,38.1,2
2025-04-08 10:28:38,Moti Nagar,2025-04-02,37.0,1
2025-04-08 10:28:38,Moti Nagar,2025-04-03,36.8,1
2025-04-08 10:28:38,Moti Nagar,2025-04-04,30.2,0
2025-04-08 10:28:38,Moti Nagar,2025-04-05,32.1,0
2025-04-08 10:28:38,Moti Nagar,2025-04-06,34.9,0
2025-04-08 10:28:38,Moti Nagar,2025-04-07,36.8,1
2025-04-08 10:28:39,Janakpuri,2025-04-01,38.1,2
2025-04-08 10:28:39,Janakpuri,2025-04-02,37.0,1
2025-04-08 10:28:39,Janakpuri,2025-04-03,36.8,1
2025-04-08 10:28:39,Janakpuri,2025-04-04,30.2,0
2025-04-08 10:28:39,Janakpuri,2025-04-05,32.1,0
2025-04-08 10:28:39,Janakpuri,2025-04-06,34.9,0
2025-04-08 10:28:39,Janakpuri,2025-04-07,36.8,1
2025-04-08 10:28:40,Lajpat Nagar,2025-04-01,37.7,1
2025-04-08 10:28:40,Lajpat Nagar,2025-04-02,36.6,1
2025-04-08 10:28:40,Lajpat Nagar,2025-04-03,36.2,1
2025-04-08 10:28:40,Lajpat Nagar,2025-04-04,29.4,0
2025-04-08 10:28:40,Lajpat Nagar,2025-04-05,33.0,0
2025-04-08 10:28:40,Lajpat Nagar,2025-04-06,34.8,0
2025-04-08 10:28:40,Lajpat Nagar,2025-04-07,36.4,1
2025-04-08 10:28:40,Rajouri Garden,2025-04-01,38.1,2
2025-04-08 10:28:40,Rajouri Garden,2025-04-02,37.0,1
2025-04-08 10:28:40,Rajouri Garden,2025-04-03,36.8,1
2025-04-08 10:28:40,Rajouri Garden,2025-04-04,30.2,0
2025-04-08 10:28:40,Rajouri Garden,2025-04-05,32.1,0
2025-04-08 10:28:40,Rajouri Garden,2025-04-06,34.9,0
2025-04-08 10:28:40,Rajouri Garden,2025-04-07,36.8,1
2025-04-08 10:28:41,Greater Kailash,2025-04-01,38.1,2
2025-04-08 10:28:41,Greater Kailash,2025-04-02,37.0,1
2025-04-08 10:28:41,Greater Kailash,2025-04-03,36.7,1
2025-04-08 10:28:41,Greater Kailash,2025-04-04,30.3,0
2025-04-08 10:28:41,Greater Kailash,2025-04-05,32.1,0
2025-04-08 10:28:41,Greater Kailash,2025-04-06,35.0,1
2025-04-08 10:28:41,Greater Kailash,2025-04-07,37.2,1
2025-04-08 10:28:42,Okhla,2025-04-01,38.0,2
2025-04-08 10:28:42,Okhla,2025-04-02,36.9,1
2025-04-08 10:28:42,Okhla,2025-04-03,36.6,1
2025-04-08 10:28:42,Okhla,2025-04-04,30.2,0
2025-04-08 10:28:42,Okhla,2025-04-05,32.0,0
2025-04-08 10:28:42,Okhla,2025-04-06,34.9,0
2025-04-08 10:28:42,Okhla,2025-04-07,37.1,1
2025-04-08 10:28:43,Connaught Place,2025-04-01,37.7,1
2025-04-08 10:28:43,Connaught Place,2025-04-02,36.6,1
2025-04-08 10:28:43,Connaught Place,2025-04-03,36.2,1
2025-04-08 10:28:43,Connaught Place,2025-04-04,29.4,0
2025-04-08 10:28:43,Connaught Place,2025-04-05,33.0,0
2025-04-08 10:28:43,Connaught Place,2025-04-06,34.8,0
2025-04-08 10:28:43,Connaught Place,2025-04-07,36.4,1
2025-04-08 10:28:44,Gurugram,2025-04-01,38.1,2
2025-04-08 10:28:44,Gurugram,2025-04-02,37.2,1
2025-04-08 10:28:44,Gurugram,2025-04-03,36.5,1
2025-04-08 10:28:44,Gurugram,2025-04-04,30.4,0
2025-04-08 10:28:44,Gurugram,2025-04-05,32.4,0
2025-04-08 10:28:44,Gurugram,2025-04-06,34.9,0
2025-04-08 10:28:44,Gurugram,2025-04-07,36.5,1
2025-04-08 10:28:44,Noida,2025-04-01,38.3,2
2025-04-08 10:28:44,Noida,2025-04-02,37.2,1
2025-04-08 10:28:44,Noida,2025-04-03,36.9,1
2025-04-08 10:28:44,Noida,2025-04-04,30.6,0
2025-04-08 10:28:44,Noida,2025-04-05,32.4,0
2025-04-08 10:28:44,Noida,2025-04-06,35.3,1
2025-04-08 10:28:44,Noida,2025-04-07,37.5,1
2025-04-08 10:28:45,Faridabad,2025-04-01,38.1,2
2025-04-08 10:28:45,Faridabad,2025-04-02,37.2,1
2025-04-08 10:28:45,Faridabad,2025-04-03,36.9,1
2025-04-08 10:28:45,Faridabad,2025-04-04,31.3,0
2025-04-08 10:28:45,Faridabad,2025-04-05,32.1,0
2025-04-08 10:28:45,Faridabad,2025-04-06,35.5,1
2025-04-08 10:28:45,Faridabad,2025-04-07,37.3,1
